[{"id":"62895414989908@c.us","link":"https://i.ibb.co/tYf3jmz/amos-yan-no-entry-1.jpg"},{"id":"62895361707061@c.us","link":"https://i.ibb.co/tYf3jmz/amos-yan-no-entry-1.jpg"},{"id":"6282232810633@c.us","link":"https://i.ibb.co/tYf3jmz/amos-yan-no-entry-1.jpg"},{"id":"62856400201655@c.us","link":"https://i.ibb.co/tYf3jmz/amos-yan-no-entry-1.jpg"},{"id":"6282361987519@c.us","link":"https://i.ibb.co/tYf3jmz/amos-yan-no-entry-1.jpg"},{"id":"628987351166@c.us","link":"https://i.ibb.co/tYf3jmz/amos-yan-no-entry-1.jpg"},{"id":"6282334938751@c.us","link":"https://i.ibb.co/tYf3jmz/amos-yan-no-entry-1.jpg"},{"id":"6285813661529@c.us","link":"https://i.ibb.co/tYf3jmz/amos-yan-no-entry-1.jpg"},{"id":"6289523258649@c.us","link":"https://telegra.ph/file/fc7796f5911c84bf45ddb.jpg"},{"id":"6281325282528@c.us","link":"https://i.ibb.co/tYf3jmz/amos-yan-no-entry-1.jpg"},{"id":"6288232213677@c.us","link":"https://i.ibb.co/tYf3jmz/amos-yan-no-entry-1.jpg"},{"id":"6282131000143@c.us","link":"https://i.ibb.co/tYf3jmz/amos-yan-no-entry-1.jpg"},{"id":"6289608014206@c.us","link":"https://i.ibb.co/tYf3jmz/amos-yan-no-entry-1.jpg"},{"id":"6282265025190@c.us","link":"https://i.ibb.co/tYf3jmz/amos-yan-no-entry-1.jpg"},{"id":"50374373832@c.us","link":"https://i.ibb.co/tYf3jmz/amos-yan-no-entry-1.jpg"},{"id":"6283807515326@c.us","link":"https://i.ibb.co/tYf3jmz/amos-yan-no-entry-1.jpg"},{"id":"6289514468104@c.us","link":"https://i.ibb.co/tYf3jmz/amos-yan-no-entry-1.jpg"},{"id":"6281260899819@c.us","link":"https://i.ibb.co/tYf3jmz/amos-yan-no-entry-1.jpg"},{"id":"6281913592526@c.us","link":"https://i.ibb.co/tYf3jmz/amos-yan-no-entry-1.jpg"},{"id":"62811878763@c.us","link":"https://i.ibb.co/tYf3jmz/amos-yan-no-entry-1.jpg"},{"id":"6289509792601@c.us","link":"https://i.ibb.co/tYf3jmz/amos-yan-no-entry-1.jpg"},{"id":"6283892169008@c.us","link":"https://i.ibb.co/tYf3jmz/amos-yan-no-entry-1.jpg"},{"id":"6285834362737@c.us","link":"https://i.ibb.co/tYf3jmz/amos-yan-no-entry-1.jpg"},{"id":"62895411404794@c.us","link":"https://i.ibb.co/tYf3jmz/amos-yan-no-entry-1.jpg"},{"id":"6289652903288@c.us","link":"https://i.ibb.co/tYf3jmz/amos-yan-no-entry-1.jpg"},{"id":"6282198256727@c.us","link":"https://i.ibb.co/tYf3jmz/amos-yan-no-entry-1.jpg"},{"id":"27730791133@c.us","link":"https://i.ibb.co/tYf3jmz/amos-yan-no-entry-1.jpg"},{"id":"6285342552429@c.us","link":"https://i.ibb.co/tYf3jmz/amos-yan-no-entry-1.jpg"},{"id":"6283814704951@c.us","link":"https://i.ibb.co/tYf3jmz/amos-yan-no-entry-1.jpg"},{"id":"6285335090001@c.us","link":"https://i.ibb.co/tYf3jmz/amos-yan-no-entry-1.jpg"},{"id":"6285742714524@c.us","link":"https://i.ibb.co/tYf3jmz/amos-yan-no-entry-1.jpg"},{"id":"6281320462776@c.us","link":"https://i.ibb.co/tYf3jmz/amos-yan-no-entry-1.jpg"},{"id":"6289515428218@c.us","link":"https://i.ibb.co/tYf3jmz/amos-yan-no-entry-1.jpg"},{"id":"62895327106940@c.us","link":"https://i.ibb.co/tYf3jmz/amos-yan-no-entry-1.jpg"},{"id":"6288214037729@c.us","link":"https://i.ibb.co/tYf3jmz/amos-yan-no-entry-1.jpg"},{"id":"628886832726@c.us","link":"https://i.ibb.co/tYf3jmz/amos-yan-no-entry-1.jpg"},{"id":"6285697684427@c.us","link":"https://i.ibb.co/tYf3jmz/amos-yan-no-entry-1.jpg"},{"id":"6288806230686@c.us","link":"https://i.ibb.co/tYf3jmz/amos-yan-no-entry-1.jpg"},{"id":"6281295037142@c.us","link":"https://i.ibb.co/tYf3jmz/amos-yan-no-entry-1.jpg"},{"id":"6281335319865@c.us","link":"https://i.ibb.co/tYf3jmz/amos-yan-no-entry-1.jpg"},{"id":"6281325736838@c.us","link":"https://i.ibb.co/tYf3jmz/amos-yan-no-entry-1.jpg"},{"id":"6281268536868@c.us","link":"https://i.ibb.co/tYf3jmz/amos-yan-no-entry-1.jpg"},{"id":"6285959375675@c.us","link":"https://i.ibb.co/tYf3jmz/amos-yan-no-entry-1.jpg"},{"id":"6285762610036@c.us","link":"https://i.ibb.co/tYf3jmz/amos-yan-no-entry-1.jpg"},{"id":"5213317595519@c.us","link":"https://i.ibb.co/tYf3jmz/amos-yan-no-entry-1.jpg"},{"id":"6281230460533@c.us","link":"https://i.ibb.co/tYf3jmz/amos-yan-no-entry-1.jpg"},{"id":"6281214165112@c.us","link":"https://i.ibb.co/tYf3jmz/amos-yan-no-entry-1.jpg"},{"id":"60197329563@c.us","link":"https://i.ibb.co/tYf3jmz/amos-yan-no-entry-1.jpg"},{"id":"6283145631826@c.us","link":"https://i.ibb.co/tYf3jmz/amos-yan-no-entry-1.jpg"},{"id":"6289677008155@c.us","link":"https://i.ibb.co/tYf3jmz/amos-yan-no-entry-1.jpg"},{"id":"6283894766767@c.us","link":"https://i.ibb.co/tYf3jmz/amos-yan-no-entry-1.jpg"},{"id":"6288227993254@c.us","link":"https://i.ibb.co/tYf3jmz/amos-yan-no-entry-1.jpg"},{"id":"6281281524356@c.us","link":"https://i.ibb.co/tYf3jmz/amos-yan-no-entry-1.jpg"},{"id":"62895331406727@c.us","link":"https://i.ibb.co/tYf3jmz/amos-yan-no-entry-1.jpg"},{"id":"6281339467851@c.us","link":"https://i.ibb.co/tYf3jmz/amos-yan-no-entry-1.jpg"},{"id":"628994144717@c.us","link":"https://i.ibb.co/tYf3jmz/amos-yan-no-entry-1.jpg"},{"id":"6283133740589@c.us","link":"https://i.ibb.co/tYf3jmz/amos-yan-no-entry-1.jpg"},{"id":"6285812454197@c.us","link":"https://i.ibb.co/tYf3jmz/amos-yan-no-entry-1.jpg"},{"id":"628882379922@c.us","link":"https://i.ibb.co/tYf3jmz/amos-yan-no-entry-1.jpg"},{"id":"6285761006292@c.us","link":"https://i.ibb.co/tYf3jmz/amos-yan-no-entry-1.jpg"},{"id":"6283183324396@c.us","link":"https://i.ibb.co/tYf3jmz/amos-yan-no-entry-1.jpg"},{"id":"6285290012936@c.us","link":"https://i.ibb.co/tYf3jmz/amos-yan-no-entry-1.jpg"},{"id":"62895600735652@c.us","link":"https://i.ibb.co/tYf3jmz/amos-yan-no-entry-1.jpg"},{"id":"6281939967437@c.us","link":"https://i.ibb.co/tYf3jmz/amos-yan-no-entry-1.jpg"},{"id":"6282331998091@c.us","link":"https://i.ibb.co/tYf3jmz/amos-yan-no-entry-1.jpg"},{"id":"62881026065014@c.us","link":"https://i.ibb.co/tYf3jmz/amos-yan-no-entry-1.jpg"},{"id":"6283831425111@c.us","link":"https://i.ibb.co/tYf3jmz/amos-yan-no-entry-1.jpg"},{"id":"6285640577801@c.us","link":"https://i.ibb.co/tYf3jmz/amos-yan-no-entry-1.jpg"},{"id":"6285368732682@c.us","link":"https://i.ibb.co/tYf3jmz/amos-yan-no-entry-1.jpg"},{"id":"6289601416330@c.us","link":"https://i.ibb.co/tYf3jmz/amos-yan-no-entry-1.jpg"},{"id":"918943794907@c.us","link":"https://i.ibb.co/tYf3jmz/amos-yan-no-entry-1.jpg"},{"id":"6283896544951@c.us","link":"https://i.ibb.co/tYf3jmz/amos-yan-no-entry-1.jpg"},{"id":"27634485333@c.us","link":"https://i.ibb.co/tYf3jmz/amos-yan-no-entry-1.jpg"},{"id":"6282198655194@c.us","link":"https://i.ibb.co/tYf3jmz/amos-yan-no-entry-1.jpg"},{"id":"557999076521@c.us","link":"https://i.ibb.co/tYf3jmz/amos-yan-no-entry-1.jpg"},{"id":"6289649694742@c.us","link":"https://i.ibb.co/tYf3jmz/amos-yan-no-entry-1.jpg"},{"id":"628875075242@c.us","link":"https://i.ibb.co/tYf3jmz/amos-yan-no-entry-1.jpg"},{"id":"6282181855476@c.us","link":"https://i.ibb.co/tYf3jmz/amos-yan-no-entry-1.jpg"},{"id":"6281249227786@c.us","link":"https://i.ibb.co/tYf3jmz/amos-yan-no-entry-1.jpg"},{"id":"62857420881846@c.us","link":"https://i.ibb.co/tYf3jmz/amos-yan-no-entry-1.jpg"},{"id":"60174876900@c.us","link":"https://i.ibb.co/tYf3jmz/amos-yan-no-entry-1.jpg"},{"id":"62895618956968@c.us","link":"https://i.ibb.co/tYf3jmz/amos-yan-no-entry-1.jpg"},{"id":"6283199651546@c.us","link":"https://i.ibb.co/tYf3jmz/amos-yan-no-entry-1.jpg"},{"id":"6285640020165@c.us","link":"https://i.ibb.co/tYf3jmz/amos-yan-no-entry-1.jpg"},{"id":"6282114554036@c.us","link":"https://i.ibb.co/tYf3jmz/amos-yan-no-entry-1.jpg"}]